ward_code,population_potentially_exposed_within_250m_buffer,percentage_of_ward_population_potentially_exposed_percent,source,source_table,source_page,underlying_population_data_year,data_type
A,33152,17.9,Mumbai Climate Action Plan - Climate & Air Pollution Risks and Vulnerability Assessment,XXVI - Persons potentially at risk due to floods,112,2011,historical vulnerability baseline; not a live flood prediction
B,53911,43.4,Mumbai Climate Action Plan - Climate & Air Pollution Risks and Vulnerability Assessment,XXVI - Persons potentially at risk due to floods,112,2011,historical vulnerability baseline; not a live flood prediction
C,36010,21.7,Mumbai Climate Action Plan - Climate & Air Pollution Risks and Vulnerability Assessment,XXVI - Persons potentially at risk due to floods,112,2011,historical vulnerability baseline; not a live flood prediction
D,105583,30.4,Mumbai Climate Action Plan - Climate & Air Pollution Risks and Vulnerability Assessment,XXVI - Persons potentially at risk due to floods,112,2011,historical vulnerability baseline; not a live flood prediction
E,147930,37.5,Mumbai Climate Action Plan - Climate & Air Pollution Risks and Vulnerability Assessment,XXVI - Persons potentially at risk due to floods,112,2011,historical vulnerability baseline; not a live flood prediction
F/N,355766,66.8,Mumbai Climate Action Plan - Climate & Air Pollution Risks and Vulnerability Assessment,XXVI - Persons potentially at risk due to floods,112,2011,historical vulnerability baseline; not a live flood prediction
F/S,144576,40.3,Mumbai Climate Action Plan - Climate & Air Pollution Risks and Vulnerability Assessment,XXVI - Persons potentially at risk due to floods,112,2011,historical vulnerability baseline; not a live flood prediction
G/N,304429,50.3,Mumbai Climate Action Plan - Climate & Air Pollution Risks and Vulnerability Assessment,XXVI - Persons potentially at risk due to floods,112,2011,historical vulnerability baseline; not a live flood prediction
G/S,153522,41.7,Mumbai Climate Action Plan - Climate & Air Pollution Risks and Vulnerability Assessment,XXVI - Persons potentially at risk due to floods,112,2011,historical vulnerability baseline; not a live flood prediction
H/E,329774,61.6,Mumbai Climate Action Plan - Climate & Air Pollution Risks and Vulnerability Assessment,XXVI - Persons potentially at risk due to floods,112,2011,historical vulnerability baseline; not a live flood prediction
H/W,200342,61.2,Mumbai Climate Action Plan - Climate & Air Pollution Risks and Vulnerability Assessment,XXVI - Persons potentially at risk due to floods,112,2011,historical vulnerability baseline; not a live flood prediction
K/E,187389,22.5,Mumbai Climate Action Plan - Climate & Air Pollution Risks and Vulnerability Assessment,XXVI - Persons potentially at risk due to floods,112,2011,historical vulnerability baseline; not a live flood prediction
K/W,266733,35.9,Mumbai Climate Action Plan - Climate & Air Pollution Risks and Vulnerability Assessment,XXVI - Persons potentially at risk due to floods,112,2011,historical vulnerability baseline; not a live flood prediction
L,312960,34.5,Mumbai Climate Action Plan - Climate & Air Pollution Risks and Vulnerability Assessment,XXVI - Persons potentially at risk due to floods,112,2011,historical vulnerability baseline; not a live flood prediction
M/E,275491,34.1,Mumbai Climate Action Plan - Climate & Air Pollution Risks and Vulnerability Assessment,XXVI - Persons potentially at risk due to floods,112,2011,historical vulnerability baseline; not a live flood prediction
M/W,182542,45.1,Mumbai Climate Action Plan - Climate & Air Pollution Risks and Vulnerability Assessment,XXVI - Persons potentially at risk due to floods,112,2011,historical vulnerability baseline; not a live flood prediction
N,108962,17.4,Mumbai Climate Action Plan - Climate & Air Pollution Risks and Vulnerability Assessment,XXVI - Persons potentially at risk due to floods,112,2011,historical vulnerability baseline; not a live flood prediction
P/N,143697,15.4,Mumbai Climate Action Plan - Climate & Air Pollution Risks and Vulnerability Assessment,XXVI - Persons potentially at risk due to floods,112,2011,historical vulnerability baseline; not a live flood prediction
P/S,143846,31.0,Mumbai Climate Action Plan - Climate & Air Pollution Risks and Vulnerability Assessment,XXVI - Persons potentially at risk due to floods,112,2011,historical vulnerability baseline; not a live flood prediction
R/C,145800,25.6,Mumbai Climate Action Plan - Climate & Air Pollution Risks and Vulnerability Assessment,XXVI - Persons potentially at risk due to floods,112,2011,historical vulnerability baseline; not a live flood prediction
R/N,175520,41.1,Mumbai Climate Action Plan - Climate & Air Pollution Risks and Vulnerability Assessment,XXVI - Persons potentially at risk due to floods,112,2011,historical vulnerability baseline; not a live flood prediction
R/S,209665,30.0,Mumbai Climate Action Plan - Climate & Air Pollution Risks and Vulnerability Assessment,XXVI - Persons potentially at risk due to floods,112,2011,historical vulnerability baseline; not a live flood prediction
S,190113,26.4,Mumbai Climate Action Plan - Climate & Air Pollution Risks and Vulnerability Assessment,XXVI - Persons potentially at risk due to floods,112,2011,historical vulnerability baseline; not a live flood prediction
T,178542,49.5,Mumbai Climate Action Plan - Climate & Air Pollution Risks and Vulnerability Assessment,XXVI - Persons potentially at risk due to floods,112,2011,historical vulnerability baseline; not a live flood prediction
